raw_material,cost_per_gm,lead_time,reorder_point,demand_per_day,annual_demand,annual_comsumption_value,consumption_percentage,cumulative_percentage_consumption,class
Almond flour,0.85,6,135302.4,18784,5635200,4789920,28.42880229,28.42880229,A
Whey protein isolate,1.25,7,91812,11050,3315000,4143750,24.59369874,53.02250103,A
Cocoa powder,1,5,46392,7708,2312400,2312400,13.72439674,66.74689777,A
Dates paste,0.35,4,74592,15372,4611600,1614060,9.57965741,76.32655518,B
Chia seeds,0.575,5,50112,8288,2486400,1429680,8.485337971,84.81189315,B
Oats,0.135,3,107078.4,30000,9000000,1215000,7.211184066,92.02307721,C
Natural sweeteners,0.4,7,44158.8,5255,1576500,630600,3.742693557,95.76577077,C
Plant protein powder,0.215,8,58080,6094,1828200,393063,2.332880364,98.09865113,C
Vitamin premix,0.35,10,36396,3051,915300,320355,1.901348865,100,C
